First,Last,EmpID,MarriedID,MaritalStatusID,EmpStatusID,DeptID,PerfScoreID,Salary,Termd,PositionID,State,Zip,DOB,Sex,MaritalDesc,DateofHire,DateofTermination,TermReason,EmploymentStatus,ManagerName,PerformanceScore,EngagementSurvey,EmpSatisfaction,LastPerformanceReview_Date,DaysLateLast30,Absences
Adinolfi,Wilson,10026,0,0,1,5,4,62506,0,19,MA,1960,7/10/1983,M ,Single,7/5/2011,,N/A-StillEmployed,Active,Michael Albert,Exceeds,4.6,5,1/17/2019,0,1
Ait Sidi,Karthikeyan,10084,1,1,5,3,3,104437,1,27,MA,2148,5/5/1975,M ,Married,3/30/2015,6/16/2016,career change,Voluntarily Terminated,Simon Roup,Fully Meets,4.96,3,2/24/2016,0,17
Akinkuolie,Sarah,10196,1,1,5,5,3,64955,1,20,MA,1810,9/19/1988,F,Married,7/5/2011,9/24/2012,hours,Voluntarily Terminated,Kissy Sullivan,Fully Meets,3.02,3,5/15/2012,0,3
Alagbe,Trina,10088,1,1,1,5,3,64991,0,19,MA,1886,9/27/1988,F,Married,1/7/2008,,N/A-StillEmployed,Active,Elijiah Gray,Fully Meets,4.84,5,1/3/2019,0,15
Anderson,Carol,10069,0,2,5,5,3,50825,1,19,MA,2169,9/8/1989,F,Divorced,7/11/2011,9/6/2016,return to school,Voluntarily Terminated,Webster Butler,Fully Meets,5,4,2/1/2016,0,2
Anderson,Linda,10002,0,0,1,5,4,57568,0,19,MA,1844,5/22/1977,F,Single,1/9/2012,,N/A-StillEmployed,Active,Amy Dunn,Exceeds,5,5,1/7/2019,0,15
Andreola,Colby,10194,0,0,1,7,3,95660,0,24,MA,2110,5/24/1979,F,Single,11/10/2014,,N/A-StillEmployed,Active,Alex Sweetwater,Fully Meets,3.04,3,1/2/2019,0,19
Athwal,Sam,10062,0,4,1,5,3,59365,0,19,MA,2199,2/18/1983,M ,Widowed,9/30/2013,,N/A-StillEmployed,Active,Ketsia Liebig,Fully Meets,5,4,2/25/2019,0,19
Bachiochi,Linda,10114,0,0,3,5,3,47837,0,19,MA,1902,2/11/1970,F,Single,7/6/2009,,N/A-StillEmployed,Active,Brannon Miller,Fully Meets,4.46,3,1/25/2019,0,4
Bacong,Alejandro,10250,0,2,1,3,3,50178,0,14,MA,1886,1/7/1988,M ,Divorced,1/5/2015,,N/A-StillEmployed,Active,Peter Monroe,Fully Meets,5,5,2/18/2019,0,16
Baczenski,Rachael,10252,1,1,5,5,3,54670,1,19,MA,1902,1/12/1974,F,Married,1/10/2011,1/12/2017,Another position,Voluntarily Terminated,David Stanley,Fully Meets,4.2,4,1/30/2016,0,12
Barbara,Thomas,10242,1,1,5,5,3,47211,1,19,MA,2062,2/21/1974,M ,Married,4/2/2012,9/19/2016,unhappy,Voluntarily Terminated,Kissy Sullivan,Fully Meets,4.2,3,5/6/2016,0,15
Barbossa,Hector,10012,0,2,1,3,4,92328,0,9,TX,78230,7/4/1988,M ,Divorced,11/10/2014,,N/A-StillEmployed,Active,Simon Roup,Exceeds,4.28,4,2/25/2019,0,9
Barone,Francesco,10265,0,0,1,5,3,58709,0,19,MA,1810,7/20/1983,M ,Single,2/20/2012,,N/A-StillEmployed,Active,Kelley Spirea,Fully Meets,4.6,4,2/14/2019,0,7
Barton,Nader,10066,0,2,5,5,3,52505,1,19,MA,2747,7/15/1977,M ,Divorced,9/24/2012,4/6/2017,Another position,Voluntarily Terminated,Michael Albert,Fully Meets,5,5,3/2/2017,0,1
Bates,Norman,10061,0,0,4,5,3,57834,1,19,MA,2050,10/18/1981,M ,Single,2/21/2011,8/4/2017,attendance,Terminated for Cause,Kelley Spirea,Fully Meets,5,4,4/5/2017,0,20
Beak,Kimberly,10023,1,1,2,5,4,70131,0,20,MA,2145,4/17/1966,F,Married,7/21/2016,,N/A-StillEmployed,Active,Kelley Spirea,Exceeds,4.4,3,1/14/2019,0,16
Beatrice,Courtney,10055,0,0,1,5,3,59026,0,19,MA,1915,10/27/1970,F,Single,4/4/2011,,N/A-StillEmployed,Active,Elijiah Gray,Fully Meets,5,5,1/14/2019,0,12
Becker,Renee,10245,0,0,4,3,3,110000,1,8,MA,2026,4/4/1986,F,Single,7/7/2014,9/12/2015,performance,Terminated for Cause,Simon Roup,Fully Meets,4.5,4,1/15/2015,0,8
Becker,Scott,10277,0,0,3,5,3,53250,0,19,MA,2452,4/6/1979,M ,Single,7/8/2013,,N/A-StillEmployed,Active,Webster Butler,Fully Meets,4.2,4,1/11/2019,0,13
Bernstein,Sean,10046,0,0,1,5,3,51044,0,19,MA,2072,12/22/1970,M ,Single,4/2/2012,,N/A-StillEmployed,Active,Amy Dunn,Fully Meets,5,3,1/14/2019,0,13
Biden,Lowan,10226,0,2,1,5,3,64919,0,19,MA,2027,12/27/1958,F,Divorced,8/19/2013,,N/A-StillEmployed,Active,Ketsia Liebig,Fully Meets,4.2,3,1/10/2019,0,2
Billis,Helen,10003,1,1,1,5,4,62910,0,19,MA,2031,9/1/1989,F,Married,7/7/2014,,N/A-StillEmployed,Active,Brannon Miller,Exceeds,5,3,2/27/2019,0,19
Blount,Dianna,10294,0,0,1,5,2,66441,0,20,MA,2171,9/21/1990,F,Single,4/4/2011,,N/A-StillEmployed,Active,Michael Albert,Needs Improvement,2,3,2/27/2019,2,3
Bondwell,Betsy,10267,0,0,5,5,3,57815,1,20,MA,2210,1/16/1967,F,Single,1/10/2011,4/4/2014,career change,Voluntarily Terminated,Elijiah Gray,Fully Meets,4.8,5,3/4/2014,0,5
Booth,Frank,10199,0,0,4,3,3,103613,1,30,CT,6033,7/30/1964,M ,Single,2/17/2014,2/19/2016,Learned that he is a gangster,Terminated for Cause,Simon Roup,Fully Meets,3.5,5,1/10/2016,0,2
Boutwell,Bonalyn,10081,1,1,1,1,3,106367,0,26,MA,2468,4/4/1987,F,Married,2/16/2015,,N/A-StillEmployed,Active,Brandon R. LeBlanc,Fully Meets,5,4,2/18/2019,0,4
Bozzi,Charles,10175,0,0,5,5,3,74312,1,18,MA,1901,3/10/1970,M ,Single,9/30/2013,8/7/2014,retiring,Voluntarily Terminated,Janet King,Fully Meets,3.39,3,2/20/2014,0,14
Brill,Donna,10177,1,1,5,5,3,53492,1,19,MA,1701,8/24/1990,F,Married,4/2/2012,6/15/2013,Another position,Voluntarily Terminated,David Stanley,Fully Meets,3.35,4,3/4/2013,0,6
Brown,Mia,10238,1,1,1,1,3,63000,0,1,MA,1450,11/24/1987,F,Married,10/27/2008,,N/A-StillEmployed,Active,Brandon R. LeBlanc,Fully Meets,4.5,2,1/15/2019,0,14
Buccheri,Joseph,10184,0,0,1,5,3,65288,0,20,MA,1013,7/28/1983,M ,Single,9/29/2014,,N/A-StillEmployed,Active,Webster Butler,Fully Meets,3.19,3,2/1/2019,0,9
Bugali,Josephine,10203,0,3,3,5,3,64375,0,19,MA,2043,10/30/1969,F,Separated,11/11/2013,,N/A-StillEmployed,Active,Kissy Sullivan,Fully Meets,3.5,5,1/21/2019,0,17
Bunbury,Jessica,10188,1,1,5,6,3,74326,1,3,VA,21851,6/1/1964,F,Married,8/15/2011,8/2/2014,Another position,Voluntarily Terminated,John Smith,Fully Meets,3.14,5,2/10/2013,1,19
Burke,Joelle,10107,0,0,1,5,3,63763,0,20,MA,2148,3/2/1980,F,Single,3/5/2012,,N/A-StillEmployed,Active,Amy Dunn,Fully Meets,4.51,4,2/21/2019,0,3
Burkett,Benjamin,10181,1,1,1,5,3,62162,0,20,MA,1890,8/19/1977,M ,Married,4/4/2011,,N/A-StillEmployed,Active,Ketsia Liebig,Fully Meets,3.25,5,1/14/2019,0,15
Cady,Max,10150,0,0,1,7,3,77692,0,25,MA,2184,11/22/1966,M ,Single,8/15/2011,,N/A-StillEmployed,Active,Jennifer Zamora,Fully Meets,3.84,3,1/21/2019,0,4
Candie,Calvin,10001,0,0,1,5,4,72640,0,18,MA,2169,8/9/1983,M ,Single,1/28/2016,,N/A-StillEmployed,Active,Janet King,Exceeds,5,3,2/22/2019,0,14
Carabbio,Judith,10085,0,0,1,7,3,93396,0,24,MA,2132,4/5/1987,F,Single,11/11/2013,,N/A-StillEmployed,Active,Alex Sweetwater,Fully Meets,4.96,4,1/30/2019,0,3
Carey,Michael,10115,0,0,1,5,3,52846,0,19,MA,1701,2/2/1983,M ,Single,3/31/2014,,N/A-StillEmployed,Active,Kelley Spirea,Fully Meets,4.43,3,2/1/2019,0,14
Carr,Claudia,10082,0,0,2,3,3,100031,0,27,MA,1886,6/6/1986,F,Single,6/30/2016,,N/A-StillEmployed,Active,Simon Roup,Fully Meets,5,5,2/18/2019,0,7
Carter,Michelle,10040,0,0,1,6,3,71860,0,3,VT,5664,5/15/1963,F,Single,8/18/2014,,N/A-StillEmployed,Active,John Smith,Fully Meets,5,5,1/21/2019,0,7
Chace,Beatrice,10067,0,0,1,5,3,61656,0,19,MA,2763,1/2/1951,F,Single,9/29/2014,,N/A-StillEmployed,Active,Michael Albert,Fully Meets,5,4,2/12/2019,0,11
Champaigne,Brian,10108,1,1,1,3,3,110929,0,5,MA,2045,2/9/1972,M ,Married,9/6/2016,,N/A-StillEmployed,Active,Jennifer Zamora,Fully Meets,4.5,5,1/15/2019,0,8
Chan,Lin,10210,0,0,1,5,3,54237,0,19,MA,2170,2/12/1979,F,Single,5/12/2014,,N/A-StillEmployed,Active,Elijiah Gray,Fully Meets,3.3,4,2/19/2019,0,11
Chang,Donovan,10154,0,0,1,5,3,60380,0,19,MA,1845,8/24/1983,M ,Single,7/8/2013,,N/A-StillEmployed,Active,Webster Butler,Fully Meets,3.8,5,1/14/2019,0,4
Chigurh,Anton,10200,0,0,1,6,3,66808,0,3,TX,78207,6/11/1970,M ,Single,5/14/2012,,N/A-StillEmployed,Active,Lynn Daneault,Fully Meets,3,5,1/19/2019,0,17
Chivukula,Enola,10240,0,0,5,5,3,64786,1,19,MA,1775,8/27/1983,F,Single,6/27/2011,11/15/2015,relocation out of area,Voluntarily Terminated,Amy Dunn,Fully Meets,4.3,4,3/10/2015,0,3
Cierpiszewski,Caroline,10168,0,0,1,5,3,64816,0,19,MA,2044,5/31/1988,F,Single,10/3/2011,,N/A-StillEmployed,Active,Ketsia Liebig,Fully Meets,3.58,5,1/30/2019,0,3
Clayton,Rick,10220,0,0,1,3,3,68678,0,14,MA,2170,9/5/1985,M ,Single,9/5/2012,,N/A-StillEmployed,Active,Eric Dougall,Fully Meets,4.7,3,2/27/2019,0,2
Cloninger,Jennifer,10275,1,1,5,5,3,64066,1,20,MA,1752,8/31/1981,F,Married,5/16/2011,1/7/2013,unhappy,Voluntarily Terminated,Brannon Miller,Fully Meets,4.2,5,5/3/2012,0,9
Close,Phil,10269,1,1,5,5,3,59369,1,20,MA,2169,11/25/1978,M ,Married,8/30/2010,9/26/2011,career change,Voluntarily Terminated,David Stanley,Fully Meets,4.2,4,5/4/2011,0,6
Clukey,Elijian,10029,1,1,2,5,4,50373,0,19,MA,2134,8/26/1980,M ,Married,7/6/2016,,N/A-StillEmployed,Active,Brannon Miller,Exceeds,4.1,4,2/28/2019,0,5
Cockel,James,10261,0,0,1,5,3,63108,0,19,MA,2452,9/8/1977,M ,Single,7/8/2013,,N/A-StillEmployed,Active,David Stanley,Fully Meets,4.4,5,1/14/2019,0,3
Cole,Spencer,10292,0,0,4,5,2,59144,1,19,MA,1880,8/12/1979,M ,Single,7/11/2011,9/23/2016,performance,Terminated for Cause,Kissy Sullivan,Needs Improvement,2,3,5/1/2016,5,16
Corleone,Michael,10282,0,2,1,5,2,68051,0,18,MA,1803,12/17/1975,M ,Divorced,7/20/2010,,N/A-StillEmployed,Active,Janet King,Needs Improvement,4.13,2,1/14/2019,3,3
Corleone,Vito,10019,0,0,1,5,4,170500,0,10,MA,2030,3/19/1983,M ,Single,1/5/2009,,N/A-StillEmployed,Active,Janet King,Exceeds,3.7,5,2/4/2019,0,15
Cornett,Lisa,10094,1,1,1,5,3,63381,0,19,MA,2189,3/31/1977,F,Married,1/5/2015,,N/A-StillEmployed,Active,Kelley Spirea,Fully Meets,4.73,5,2/14/2019,0,6
Costello,Frank,10193,1,1,1,3,3,83552,0,9,MA,1810,8/26/1986,M ,Married,3/30/2015,,N/A-StillEmployed,Active,Simon Roup,Fully Meets,3.04,3,1/22/2019,0,2
Crimmings,Jean,10132,0,0,2,5,3,56149,0,19,MA,1821,4/10/1987,F,Single,7/6/2016,,N/A-StillEmployed,Active,Michael Albert,Fully Meets,4.12,5,1/28/2019,0,15
Cross,Noah,10083,0,0,1,3,3,92329,0,28,CT,6278,9/9/1965,M ,Single,11/10/2014,,N/A-StillEmployed,Active,Peter Monroe,Fully Meets,5,3,1/2/2019,0,5
Daneault,Lynn,10099,0,0,1,6,3,65729,0,21,VT,5473,4/19/1990,F,Single,5/5/2014,,N/A-StillEmployed,Active,Debra Houlihan,Fully Meets,4.62,4,1/24/2019,0,8
Daniele,Ann,10212,1,1,3,3,3,85028,0,28,CT,6033,1/18/1952,F,Married,11/10/2014,,N/A-StillEmployed,Active,Peter Monroe,Fully Meets,3.1,5,2/12/2019,0,19
Darson,Jene'ya,10056,1,1,1,5,3,57583,0,19,MA,2110,11/5/1978,F,Married,7/2/2012,,N/A-StillEmployed,Active,Elijiah Gray,Fully Meets,5,3,2/25/2019,0,1
Davis,Daniel,10143,0,0,1,5,3,56294,0,20,MA,2458,9/14/1979,M ,Single,11/7/2011,,N/A-StillEmployed,Active,Kissy Sullivan,Fully Meets,3.96,4,2/27/2019,0,6
Dee,Randy,10311,1,1,1,6,1,56991,0,19,MA,2138,4/15/1988,M ,Married,7/9/2018,,N/A-StillEmployed,Active,Brannon Miller,Fully Meets,4.3,4,1/31/2019,2,2
DeGweck,James,10070,1,1,5,5,3,55722,1,19,MA,1810,10/31/1977,M ,Married,5/16/2011,6/8/2016,unhappy,Voluntarily Terminated,Webster Butler,Fully Meets,5,4,4/2/2016,0,14
Del Bosque,Keyla,10155,0,0,1,7,3,101199,0,24,MA,2176,7/5/1979,F,Single,1/9/2012,,N/A-StillEmployed,Active,Alex Sweetwater,Fully Meets,3.79,5,1/25/2019,0,8
Delarge,Alex,10306,0,0,1,6,1,61568,0,3,AL,36006,11/2/1975,M ,Single,9/29/2014,,N/A-StillEmployed,Active,John Smith,PIP,1.93,3,1/30/2019,6,5
Demita,Carla,10100,0,3,5,5,3,58275,1,20,MA,2343,2/25/1951,F,Separated,4/4/2011,11/4/2015,more money,Voluntarily Terminated,Kelley Spirea,Fully Meets,4.62,5,5/6/2015,0,1
Desimone,Carl,10310,1,1,1,5,1,53189,0,19,MA,2061,4/19/1967,M ,Married,7/7/2014,,N/A-StillEmployed,Active,Amy Dunn,PIP,1.12,2,1/31/2019,4,9
DeVito,Tommy,10197,0,0,1,3,3,96820,0,4,MA,2045,9/4/1983,M ,Single,2/15/2017,,N/A-StillEmployed,Active,Brian Champaigne,Fully Meets,3.01,5,1/23/2019,0,15
Dickinson,Geoff,10276,0,0,1,5,3,51259,0,19,MA,2180,11/15/1982,M ,Single,5/12/2014,,N/A-StillEmployed,Active,Ketsia Liebig,Fully Meets,4.3,4,2/19/2019,0,1
Dietrich,Jenna,10304,0,0,1,6,1,59231,0,3,WA,98052,5/14/1987,F,Single,2/20/2012,,N/A-StillEmployed,Active,John Smith,PIP,2.3,1,1/29/2019,2,17
DiNocco,Lily,10284,1,1,1,5,2,61584,0,19,MA,2351,12/2/1978,F,Married,1/7/2013,,N/A-StillEmployed,Active,Brannon Miller,Needs Improvement,3.88,4,1/18/2019,0,6
Dobrin,Denisa,10207,0,0,1,5,3,46335,0,19,MA,2125,10/7/1986,F,Single,4/2/2012,,N/A-StillEmployed,Active,David Stanley,Fully Meets,3.4,5,2/19/2019,0,15
Dolan,Linda,10133,1,1,1,3,3,70621,0,14,MA,2119,7/18/1988,F,Married,1/5/2015,,N/A-StillEmployed,Active,Peter Monroe,Fully Meets,4.11,4,2/25/2019,0,16
Dougall,Eric,10028,0,0,1,3,4,138888,0,13,MA,1886,7/9/1970,M ,Single,1/5/2014,,N/A-StillEmployed,Active,Jennifer Zamora,Exceeds,4.3,5,1/4/2019,0,4
Driver,Elle,10006,0,0,1,6,4,74241,0,3,CA,90007,11/8/1988,F,Single,1/10/2011,,N/A-StillEmployed,Active,Lynn Daneault,Exceeds,4.77,5,1/27/2019,0,14
Dunn,Amy,10105,0,0,1,5,3,75188,0,18,MA,1731,11/28/1973,F,Single,9/18/2014,,N/A-StillEmployed,Active,Janet King,Fully Meets,4.52,4,1/15/2019,0,4
Dunne,Amy,10211,1,1,1,5,3,62514,0,19,MA,1749,9/23/1973,F,Married,4/26/2010,,N/A-StillEmployed,Active,Ketsia Liebig,Fully Meets,2.9,3,1/21/2019,0,6
Eaton,Marianne,10064,1,1,5,5,3,60070,1,19,MA,2343,9/5/1991,F,Married,4/4/2011,6/6/2017,military,Voluntarily Terminated,Kissy Sullivan,Fully Meets,5,3,4/9/2017,0,7
Engdahl,Jean,10247,0,0,1,5,3,48888,0,19,MA,2026,5/31/1974,M ,Single,11/10/2014,,N/A-StillEmployed,Active,Kelley Spirea,Fully Meets,4.7,5,2/13/2019,0,8
England,Rex,10235,1,1,1,5,3,54285,0,19,MA,2045,8/25/1978,M ,Married,3/31/2014,,N/A-StillEmployed,Active,Kelley Spirea,Fully Meets,4.2,3,1/11/2019,0,3
Erilus,Angela,10299,0,3,1,5,1,56847,0,20,MA,2133,8/25/1989,F,Separated,7/7/2014,,N/A-StillEmployed,Active,Michael Albert,PIP,3,1,2/25/2019,2,5
Estremera,Miguel,10280,0,0,4,5,2,60340,1,19,MA,2129,9/2/1983,M ,Single,4/2/2012,9/27/2018,attendance,Terminated for Cause,Michael Albert,Needs Improvement,5,4,4/12/2018,5,16
Evensen,April,10296,0,0,4,5,2,59124,1,19,MA,2458,5/6/1989,F,Single,2/17/2014,2/25/2018,no-call/no-show,Terminated for Cause,Elijiah Gray,Needs Improvement,2.3,3,1/15/2017,5,19
Exantus,Susan,10290,1,1,4,7,2,99280,1,24,MA,1749,5/15/1987,F,Married,5/2/2011,6/5/2013,attendance,Terminated for Cause,Alex Sweetwater,Needs Improvement,2.1,5,8/10/2012,4,19
Faller,Megan,10263,1,1,1,5,3,71776,0,20,MA,1824,9/22/1978,F,Married,7/7/2014,,N/A-StillEmployed,Active,Elijiah Gray,Fully Meets,4.4,5,2/22/2019,0,17
Fancett,Nicole,10136,0,0,1,5,3,65902,0,20,MA,2324,9/27/1987,F,Single,2/17/2014,,N/A-StillEmployed,Active,Webster Butler,Fully Meets,4,4,1/7/2019,0,7
Ferguson,Susan,10189,1,1,5,5,3,57748,1,19,MA,2176,4/14/1955,F,Married,11/7/2011,5/17/2016,military,Voluntarily Terminated,Webster Butler,Fully Meets,3.13,3,2/4/2016,0,16
Fernandes,Nilson,10308,1,1,1,5,1,64057,0,19,MA,2132,10/18/1989,M ,Married,5/11/2015,,N/A-StillEmployed,Active,Amy Dunn,PIP,1.56,5,1/3/2019,6,15
Fett,Boba,10309,0,0,1,3,1,53366,0,15,MA,2138,6/18/1987,M ,Single,3/30/2015,,N/A-StillEmployed,Active,Peter Monroe,PIP,1.2,3,2/4/2019,3,2
Fidelia,Libby,10049,1,1,1,5,3,58530,0,19,MA,2155,3/16/1981,F,Married,1/9/2012,,N/A-StillEmployed,Active,Brannon Miller,Fully Meets,5,5,1/29/2019,0,19
Fitzpatrick,Michael,10093,0,0,5,5,3,72609,1,20,MA,2143,10/1/1981,M ,Single,5/16/2011,6/24/2013,hours,Voluntarily Terminated,Amy Dunn,Fully Meets,4.76,5,4/5/2013,0,20
Foreman,Tanya,10163,1,1,5,5,3,55965,1,20,MA,2170,11/8/1983,F,Married,4/4/2011,1/9/2013,career change,Voluntarily Terminated,Ketsia Liebig,Fully Meets,3.66,3,1/7/2012,0,6
Forrest,Alex,10305,1,1,1,6,3,70187,1,3,MA,2330,7/7/1975,M ,Married,9/29/2014,8/19/2018,Fatal attraction,Terminated for Cause,Lynn Daneault,PIP,2,5,1/28/2019,4,7
Foss,Jason,10015,0,0,1,3,4,178000,0,12,MA,1460,7/5/1980,M ,Single,4/15/2011,,N/A-StillEmployed,Active,Jennifer Zamora,Exceeds,5,5,1/7/2019,0,15
Foster-Baker,Amy,10080,1,1,1,1,3,99351,0,26,MA,2050,4/16/1979,F,Married,1/5/2009,,N/A-StillEmployed,Active,Board of Directors,Fully Meets,5,3,2/8/2019,0,3
Fraval,Maruk,10258,0,0,1,6,3,67251,0,3,CT,6050,8/28/1963,M ,Single,9/6/2011,,N/A-StillEmployed,Active,Lynn Daneault,Fully Meets,4.3,3,1/27/2019,2,7
Galia,Lisa,10273,0,0,1,3,3,65707,0,14,CT,6040,7/6/1968,F,Single,5/1/2010,,N/A-StillEmployed,Active,Eric Dougall,Fully Meets,4.7,4,2/1/2019,0,1
Garcia,Raul,10111,0,0,1,5,3,52249,0,19,MA,1905,9/15/1985,M ,Single,3/30/2015,,N/A-StillEmployed,Active,David Stanley,Fully Meets,4.5,3,2/18/2019,0,5
Gaul,Barbara,10257,0,0,1,5,3,53171,0,19,MA,2121,12/2/1983,F,Single,5/16/2011,,N/A-StillEmployed,Active,Kelley Spirea,Fully Meets,4.2,4,2/26/2019,0,12
Gentry,Mildred,10159,1,1,1,5,3,51337,0,19,MA,2145,10/1/1990,F,Married,3/30/2015,,N/A-StillEmployed,Active,Michael Albert,Fully Meets,3.73,3,1/16/2019,0,19
Gerke,Melisa,10122,0,2,5,5,3,51505,1,19,MA,2330,5/15/1970,F,Divorced,11/7/2011,11/15/2016,hours,Voluntarily Terminated,Elijiah Gray,Fully Meets,4.24,4,4/29/2016,0,2
Gill,Whitney,10142,0,4,4,6,3,59370,1,3,OH,43050,7/10/1971,F,Widowed,7/7/2014,9/5/2015,attendance,Terminated for Cause,John Smith,Fully Meets,3.97,4,1/15/2014,0,7
Gilles,Alex,10283,1,1,5,5,2,54933,1,19,MA,2062,8/9/1974,M ,Married,4/2/2012,6/25/2015,military,Voluntarily Terminated,Webster Butler,Needs Improvement,3.97,4,1/20/2015,3,15
Girifalco,Evelyn,10018,0,0,1,5,4,57815,0,19,MA,2451,5/8/1980,F,Single,9/29/2014,,N/A-StillEmployed,Active,Amy Dunn,Exceeds,3.9,4,2/7/2019,0,3
Givens,Myriam,10255,0,0,1,6,3,61555,0,3,IN,46204,9/22/1989,F,Single,2/16/2015,,N/A-StillEmployed,Active,Lynn Daneault,Fully Meets,4.5,5,1/25/2019,0,20
Goble,Taisha,10246,0,0,4,3,3,114800,1,8,MA,2127,10/23/1971,F,Single,2/16/2015,3/15/2015,no-call/ no-show,Terminated for Cause,Simon Roup,Fully Meets,4.6,4,1/20/2015,0,10
Goeth,Amon,10228,1,1,1,3,3,74679,0,14,MA,2135,11/24/1989,M ,Married,3/30/2015,,N/A-StillEmployed,Active,Peter Monroe,Fully Meets,4.3,5,1/10/2019,0,20
Gold,Shenice,10243,0,0,1,5,3,53018,0,19,MA,2451,6/18/1992,F,Single,11/11/2013,,N/A-StillEmployed,Active,Ketsia Liebig,Fully Meets,4.3,5,2/18/2019,0,7
Gonzalez,Cayo,10031,0,2,1,5,4,59892,0,19,MA,2108,9/29/1969,M ,Divorced,7/11/2011,,N/A-StillEmployed,Active,Brannon Miller,Exceeds,4.5,4,2/18/2019,0,1
Gonzalez,Juan,10300,1,1,5,5,1,68898,1,20,MA,2128,10/12/1964,M ,Married,4/26/2010,5/30/2011,career change,Voluntarily Terminated,Brannon Miller,PIP,3,3,3/6/2011,3,10
Gonzalez,Maria,10101,0,3,1,3,3,61242,0,14,MA,2472,4/16/1981,F,Separated,1/5/2015,,N/A-StillEmployed,Active,Peter Monroe,Fully Meets,4.61,4,1/28/2019,0,11
Good,Susan,10237,1,1,3,5,3,66825,0,20,MA,1886,5/25/1986,F,Married,5/12/2014,,N/A-StillEmployed,Active,David Stanley,Fully Meets,4.6,3,2/7/2019,0,20
Gordon,David,10051,1,1,1,5,3,48285,0,19,MA,2169,5/21/1979,M ,Married,7/2/2012,,N/A-StillEmployed,Active,David Stanley,Fully Meets,5,3,1/14/2019,0,2
Gosciminski,Phylicia,10218,0,3,3,5,3,66149,0,20,MA,1824,12/8/1983,F,Separated,9/30/2013,,N/A-StillEmployed,Active,Kissy Sullivan,Fully Meets,4.4,5,2/21/2019,0,1
Goyal,Roxana,10256,1,1,3,5,3,49256,0,19,MA,1864,10/9/1974,F,Married,8/19/2013,,N/A-StillEmployed,Active,Kissy Sullivan,Fully Meets,4.1,5,2/15/2019,0,3
Gray,Elijiah,10098,0,2,1,5,3,62957,0,18,MA,1752,7/11/1981,M ,Divorced,6/2/2015,,N/A-StillEmployed,Active,Janet King,Fully Meets,4.63,3,1/4/2019,0,2
Gross,Paula,10059,0,2,5,5,3,63813,1,19,MA,2176,5/21/1983,F,Divorced,2/21/2011,1/11/2014,more money,Voluntarily Terminated,Kelley Spirea,Fully Meets,5,5,6/3/2013,0,17
Gruber,Hans,10234,1,1,1,3,3,99020,0,4,MA,2134,6/30/1989,M ,Married,4/20/2017,,N/A-StillEmployed,Active,Brian Champaigne,Fully Meets,4.2,5,1/28/2019,0,8
Guilianno,Mike,10109,0,0,5,6,3,71707,1,3,TN,37129,2/9/1969,M ,Single,3/7/2012,10/31/2014,relocation out of area,Voluntarily Terminated,John Smith,Fully Meets,4.5,5,2/1/2013,0,20
Handschiegl,Joanne,10125,1,1,1,5,3,54828,0,19,MA,2127,3/23/1977,F,Married,11/28/2011,,N/A-StillEmployed,Active,Michael Albert,Fully Meets,4.2,4,2/22/2019,0,13
Hankard,Earnest,10074,0,0,1,5,3,64246,0,20,MA,2155,8/10/1988,M ,Single,11/11/2013,,N/A-StillEmployed,Active,Kelley Spirea,Fully Meets,5,3,1/8/2019,0,20
Harrington,Christie,10097,0,0,5,5,3,52177,1,19,MA,2324,8/18/1952,F,Single,1/9/2012,12/15/2015,retiring,Voluntarily Terminated,Webster Butler,Fully Meets,4.64,4,5/2/2015,0,8
Harrison,Kara,10007,1,1,1,5,4,62065,0,19,MA,1886,5/2/1974,F,Married,5/12/2014,,N/A-StillEmployed,Active,Amy Dunn,Exceeds,4.76,4,2/15/2019,0,5
Heitzman,Anthony,10129,0,0,1,5,3,46998,0,19,MA,2149,1/4/1984,M ,Single,8/13/2012,,N/A-StillEmployed,Active,Ketsia Liebig,Fully Meets,4.17,4,2/11/2019,0,1
Hendrickson,Trina,10075,0,0,5,5,3,68099,1,20,MA,2021,8/27/1972,F,Single,1/10/2011,6/18/2013,hours,Voluntarily Terminated,Kelley Spirea,Fully Meets,5,3,1/30/2013,0,15
Hitchcock,Alfred,10167,1,1,1,6,3,70545,0,3,NH,3062,9/14/1988,M ,Married,8/18/2014,,N/A-StillEmployed,Active,John Smith,Fully Meets,3.6,5,1/30/2019,0,9
Homberger,Adrienne,10195,1,1,5,5,3,63478,1,20,MA,2445,2/16/1984,F,Married,8/15/2011,4/7/2012,relocation out of area,Voluntarily Terminated,Michael Albert,Fully Meets,3.03,5,3/5/2012,0,16
Horton,Jayne,10112,0,0,1,3,3,97999,0,8,MA,2493,2/21/1984,F,Single,3/30/2015,,N/A-StillEmployed,Active,Simon Roup,Fully Meets,4.48,5,1/3/2019,0,4
Houlihan,Debra,10272,1,1,1,6,3,180000,0,11,RI,2908,3/17/1966,F,Married,5/5/2014,,N/A-StillEmployed,Active,Janet King,Fully Meets,4.5,4,1/21/2019,0,19
Howard,Estelle,10182,1,1,1,1,3,49920,1,2,MA,2170,9/16/1985,F,Married,2/16/2015,4/15/2015,no-call/ no-show,Terminated for Cause,Brandon R. LeBlanc,Fully Meets,3.24,3,4/15/2015,0,6
Hudson,Jane,10248,0,0,1,5,3,55425,0,19,MA,2176,6/10/1986,F,Single,2/20/2012,,N/A-StillEmployed,Active,Ketsia Liebig,Fully Meets,4.8,4,1/7/2019,0,4
Hunts,Julissa,10201,0,0,2,5,3,69340,0,20,MA,2021,3/11/1984,F,Single,6/6/2016,,N/A-StillEmployed,Active,Elijiah Gray,Fully Meets,3,5,1/18/2019,0,4
Hutter,Rosalie,10214,0,3,2,5,3,64995,0,20,MA,2351,5/7/1992,F,Separated,6/5/2015,,N/A-StillEmployed,Active,Webster Butler,Fully Meets,4.5,3,2/14/2019,0,6
Huynh,Ming,10160,0,2,5,5,3,68182,1,20,MA,1742,9/22/1976,F,Divorced,2/21/2011,4/1/2013,unhappy,Voluntarily Terminated,Amy Dunn,Fully Meets,3.72,3,2/1/2013,0,18
Immediato,Walter,10289,1,1,5,5,2,83082,1,18,MA,2128,11/15/1976,M ,Married,2/21/2011,9/24/2012,unhappy,Voluntarily Terminated,Janet King,Needs Improvement,2.34,2,4/12/2012,3,4
Ivey,Rose,10139,0,0,1,5,3,51908,0,19,MA,1775,1/28/1991,F,Single,8/19/2013,,N/A-StillEmployed,Active,Brannon Miller,Fully Meets,3.99,3,1/14/2019,0,14
Jackson,Maryellen,10227,0,0,1,5,3,61242,0,19,MA,2081,9/11/1972,F,Single,11/5/2012,,N/A-StillEmployed,Active,David Stanley,Fully Meets,4.1,3,1/17/2019,0,7
Jacobi,Hannah,10236,0,2,1,5,3,45069,0,19,MA,1778,3/22/1966,F,Divorced,9/30/2013,,N/A-StillEmployed,Active,Kissy Sullivan,Fully Meets,4.3,5,2/22/2019,0,7
Jeannite,Tayana,10009,0,2,1,5,4,60724,0,20,MA,1821,11/6/1986,F,Divorced,7/5/2011,,N/A-StillEmployed,Active,Ketsia Liebig,Exceeds,4.6,4,2/25/2019,0,11
Jhaveri,Sneha,10060,0,3,1,5,3,60436,0,19,MA,2109,4/13/1964,F,Separated,1/6/2014,,N/A-StillEmployed,Active,Kelley Spirea,Fully Meets,5,5,1/21/2019,0,9
Johnson,George,10034,1,1,5,5,4,46837,1,19,MA,2445,8/19/1959,M ,Married,11/7/2011,4/29/2018,more money,Voluntarily Terminated,Michael Albert,Exceeds,4.7,4,2/14/2018,0,9
Johnson,Noelle,10156,1,1,3,3,3,105700,0,8,MA,2301,11/7/1986,F,Married,1/5/2015,,N/A-StillEmployed,Active,Simon Roup,Fully Meets,3.75,3,2/11/2019,0,2
Johnston,Yen,10036,0,0,1,5,4,63322,0,20,MA,2128,9/8/1969,F,Single,7/7/2014,,N/A-StillEmployed,Active,Brannon Miller,Exceeds,4.3,3,1/11/2019,0,1
Jung,Judy,10138,1,1,5,5,3,61154,1,19,MA,2446,4/17/1986,F,Married,1/10/2011,4/1/2016,unhappy,Voluntarily Terminated,Elijiah Gray,Fully Meets,4,4,2/3/2016,0,4
Kampew,Donysha,10244,0,0,5,6,3,68999,1,21,PA,19444,11/11/1989,F,Single,11/7/2011,4/24/2014,maternity leave - did not return,Voluntarily Terminated,Debra Houlihan,Fully Meets,4.5,5,3/30/2013,0,2
Keatts,Kramer,10192,0,0,1,5,3,50482,0,19,MA,1887,1/19/1976,M ,Single,9/30/2013,,N/A-StillEmployed,Active,Michael Albert,Fully Meets,3.07,4,1/23/2019,0,10
Khemmich,Bartholemew,10231,0,0,1,6,3,65310,0,3,CO,80820,11/27/1979,M ,Single,8/19/2013,,N/A-StillEmployed,Active,Lynn Daneault,Fully Meets,4.3,5,1/22/2019,0,13
King,Janet,10089,1,1,1,2,3,250000,0,16,MA,1902,9/21/1954,F,Married,7/2/2012,,N/A-StillEmployed,Active,Board of Directors,Fully Meets,4.83,3,1/17/2019,0,10
Kinsella,Kathleen,10166,1,1,5,5,3,54005,1,19,MA,2170,12/8/1973,F,Married,9/26/2011,6/4/2015,more money,Voluntarily Terminated,Webster Butler,Fully Meets,3.6,5,3/1/2015,0,16
Kirill,Alexandra,10170,1,1,5,5,3,45433,1,19,MA,2127,10/8/1970,F,Married,9/26/2011,1/9/2014,more money,Voluntarily Terminated,Amy Dunn,Fully Meets,3.49,4,1/30/2013,0,6
Knapp,Bradley,10208,0,0,1,5,3,46654,0,19,MA,1721,11/10/1977,M ,Single,2/17/2014,,N/A-StillEmployed,Active,Ketsia Liebig,Fully Meets,3.1,3,2/6/2019,0,3
Kretschmer,John,10176,1,1,1,5,3,63973,0,19,MA,1801,2/2/1980,M ,Married,1/10/2011,,N/A-StillEmployed,Active,Brannon Miller,Fully Meets,3.38,3,1/21/2019,0,17
Kreuger,Freddy,10165,0,0,1,6,3,71339,0,3,NY,10171,2/24/1969,M ,Single,3/7/2011,,N/A-StillEmployed,Active,John Smith,Fully Meets,3.65,5,1/17/2019,0,20
Lajiri,Jyoti,10113,1,1,3,3,3,93206,0,28,MA,2169,4/23/1986,M ,Married,11/10/2014,,N/A-StillEmployed,Active,Peter Monroe,Fully Meets,4.46,5,1/7/2019,0,7
Landa,Hans,10092,1,1,4,5,3,82758,1,18,MA,1890,7/1/1972,M ,Married,1/10/2011,12/12/2015,attendance,Terminated for Cause,Janet King,Fully Meets,4.78,4,2/15/2015,0,9
Langford,Lindsey,10106,0,2,5,5,3,66074,1,20,MA,2090,7/25/1979,F,Divorced,1/7/2013,3/31/2014,Another position,Voluntarily Terminated,David Stanley,Fully Meets,4.52,3,2/20/2014,0,20
Langton,Enrico,10052,1,1,1,5,3,46120,0,19,MA,2048,12/9/1986,M ,Married,7/9/2012,,N/A-StillEmployed,Active,David Stanley,Fully Meets,5,5,2/4/2019,0,13
LaRotonda,William,10038,0,2,1,1,3,64520,0,1,MA,1460,4/26/1984,M ,Divorced,1/6/2014,,N/A-StillEmployed,Active,Brandon R. LeBlanc,Fully Meets,5,4,1/17/2019,0,3
Latif,Mohammed,10249,1,1,5,5,3,61962,1,20,MA,2126,5/9/1984,M ,Married,4/2/2012,4/15/2013,more money,Voluntarily Terminated,Kissy Sullivan,Fully Meets,4.9,3,2/20/2013,0,20
Le,Binh,10232,0,0,1,3,3,81584,0,22,MA,1886,6/14/1987,F,Single,10/2/2016,,N/A-StillEmployed,Active,Brian Champaigne,Fully Meets,4.1,5,1/8/2019,0,2
Leach,Dallas,10087,0,0,5,5,3,63676,1,19,MA,1810,1/17/1979,F,Single,9/26/2011,8/19/2018,return to school,Voluntarily Terminated,Kissy Sullivan,Fully Meets,4.88,3,7/2/2017,0,17
LeBlanc,Brandon,10134,1,1,1,1,3,93046,0,23,MA,1460,6/10/1984,M ,Married,1/5/2016,,N/A-StillEmployed,Active,Janet King,Fully Meets,4.1,4,1/28/2019,0,20
Lecter,Hannibal,10251,1,1,1,5,3,64738,0,19,MA,1776,9/2/1982,M ,Married,5/14/2012,,N/A-StillEmployed,Active,Elijiah Gray,Fully Meets,4.1,3,2/22/2019,0,10
Leruth,Giovanni,10103,0,3,1,6,3,70468,0,3,UT,84111,12/27/1988,M ,Separated,4/30/2012,,N/A-StillEmployed,Active,John Smith,Fully Meets,4.53,3,1/29/2019,0,16
Liebig,Ketsia,10017,1,1,1,5,4,77915,0,18,MA,2110,10/26/1981,F,Married,9/30/2013,,N/A-StillEmployed,Active,Janet King,Exceeds,4.1,3,1/21/2019,0,11
Linares,Marilyn,10186,1,1,5,5,3,52624,1,19,MA,1886,3/26/1981,F,Married,7/5/2011,9/26/2018,unhappy,Voluntarily Terminated,Michael Albert,Fully Meets,3.18,4,3/2/2018,0,16
Linden,Mathew,10137,1,1,3,5,3,63450,0,20,MA,1770,3/19/1979,M ,Married,7/8/2013,,N/A-StillEmployed,Active,Kelley Spirea,Fully Meets,4,3,2/18/2019,0,7
Lindsay,Leonara,10008,0,0,1,3,4,51777,0,14,CT,6070,10/5/1988,F,Single,1/21/2011,,N/A-StillEmployed,Active,Eric Dougall,Exceeds,4.64,4,1/25/2019,0,14
Lundy,Susan,10096,0,4,5,5,3,67237,1,20,MA,2122,12/26/1976,F,Widowed,7/8/2013,9/15/2016,more money,Voluntarily Terminated,Michael Albert,Fully Meets,4.65,4,6/10/2016,0,15
Lunquist,Lisa,10035,0,0,1,5,4,73330,0,20,MA,2324,3/28/1982,F,Single,8/19/2013,,N/A-StillEmployed,Active,Elijiah Gray,Exceeds,4.2,4,2/12/2019,0,19
Lydon,Allison,10057,1,1,3,5,3,52057,0,19,MA,2122,10/22/1975,F,Married,2/16/2015,,N/A-StillEmployed,Active,Elijiah Gray,Fully Meets,5,3,1/23/2019,0,6
Lynch,Lindsay,10004,0,0,5,5,4,47434,1,19,MA,1844,2/14/1973,F,Single,11/7/2011,11/14/2015,Another position,Voluntarily Terminated,Webster Butler,Exceeds,5,4,2/2/2015,0,17
MacLennan,Samuel,10191,0,4,5,5,3,52788,1,19,MA,1938,11/9/1972,M ,Widowed,9/24/2012,9/26/2017,hours,Voluntarily Terminated,Amy Dunn,Fully Meets,3.08,4,4/1/2017,0,18
Mahoney,Lauren,10219,0,0,1,5,3,45395,0,19,MA,2189,7/7/1986,F,Single,1/6/2014,,N/A-StillEmployed,Active,Ketsia Liebig,Fully Meets,4.6,4,2/26/2019,0,14
Manchester,Robyn,10077,1,1,2,5,3,62385,0,20,MA,2324,8/25/1976,F,Married,5/11/2016,,N/A-StillEmployed,Active,Webster Butler,Fully Meets,5,3,1/21/2019,0,4
Mancuso,Karen,10073,1,1,5,5,3,68407,1,20,MA,2176,12/10/1986,F,Married,7/5/2011,8/19/2012,Another position,Voluntarily Terminated,Amy Dunn,Fully Meets,5,4,7/2/2012,0,16
Mangal,Debbie,10279,1,1,1,5,3,61349,0,19,MA,2451,11/7/1974,F,Married,11/11/2013,,N/A-StillEmployed,Active,Brannon Miller,Fully Meets,4.1,3,1/22/2019,0,11
Martin,Sandra,10110,0,0,1,7,3,105688,0,24,MA,2135,11/7/1987,F,Single,11/11/2013,,N/A-StillEmployed,Active,Alex Sweetwater,Fully Meets,4.5,5,1/14/2019,0,14
Maurice,Shana,10053,1,1,1,5,3,54132,0,19,MA,2330,11/22/1977,F,Married,5/31/2011,,N/A-StillEmployed,Active,David Stanley,Fully Meets,5,4,1/10/2019,0,8
Carthy,B'rigit,10076,0,0,1,5,3,55315,0,20,MA,2149,5/21/1987,F,Single,3/30/2015,,N/A-StillEmployed,Active,Ketsia Liebig,Fully Meets,5,5,2/7/2019,0,16
Mckenna,Sandy,10145,1,1,1,5,3,62810,0,19,MA,2184,1/7/1987,F,Married,1/7/2013,,N/A-StillEmployed,Active,Kissy Sullivan,Fully Meets,3.93,3,1/30/2019,0,20
McKinzie,Jac,10202,1,1,2,6,3,63291,0,3,TX,78789,7/1/1984,M ,Married,7/6/2016,,N/A-StillEmployed,Active,Lynn Daneault,Fully Meets,3.4,4,1/29/2019,0,7
Meads,Elizabeth,10128,0,0,5,5,3,62659,1,19,MA,1760,5/30/1968,F,Single,4/2/2012,11/11/2016,Another position,Voluntarily Terminated,Kelley Spirea,Fully Meets,4.18,4,2/5/2016,0,17
Medeiros,Jennifer,10068,0,0,1,5,3,55688,0,19,MA,2346,9/22/1976,F,Single,3/30/2015,,N/A-StillEmployed,Active,Michael Albert,Fully Meets,5,4,1/21/2019,0,10
Miller,Brannon,10116,0,0,1,5,3,83667,0,18,MA,2045,8/10/1981,M ,Single,8/16/2012,,N/A-StillEmployed,Active,Janet King,Fully Meets,4.37,3,1/14/2019,0,2
Miller,Ned,10298,0,0,5,5,1,55800,1,20,MA,2472,6/29/1985,M ,Single,8/15/2011,9/4/2014,unhappy,Voluntarily Terminated,Brannon Miller,PIP,3,2,1/14/2013,6,6
Monkfish,Erasumus,10213,1,1,1,5,3,58207,0,20,MA,1450,8/17/1992,M ,Married,11/7/2011,,N/A-StillEmployed,Active,David Stanley,Fully Meets,3.7,3,1/8/2019,0,14
Monroe,Peter,10288,1,1,1,3,2,157000,0,13,MA,2134,10/5/1986,M ,Married,2/15/2012,,N/A-StillEmployed,Active,Jennifer Zamora,Needs Improvement,2.39,3,2/22/2019,4,13
Monterro,Luisa,10025,0,0,1,5,4,72460,0,20,MA,2126,4/24/1970,F,Single,5/13/2013,,N/A-StillEmployed,Active,Kissy Sullivan,Exceeds,4.7,3,1/14/2019,0,1
Moran,Patrick,10223,0,0,3,5,3,72106,0,20,MA,2127,12/3/1976,M ,Single,1/9/2012,,N/A-StillEmployed,Active,Kelley Spirea,Fully Meets,4.1,4,1/31/2019,0,12
Morway,Tanya,10151,1,1,1,3,3,52599,0,15,MA,2048,4/4/1979,F,Married,2/16/2015,,N/A-StillEmployed,Active,Peter Monroe,Fully Meets,3.81,3,2/11/2019,0,6
Motlagh,Dawn,10254,0,2,1,5,3,63430,0,19,MA,2453,7/7/1984,F,Divorced,4/1/2013,,N/A-StillEmployed,Active,Elijiah Gray,Fully Meets,4.4,4,1/17/2019,0,18
Moumanil,Maliki,10120,0,3,1,5,3,74417,0,20,MA,1460,12/1/1974,M ,Separated,5/13/2013,,N/A-StillEmployed,Active,Michael Albert,Fully Meets,4.29,5,1/28/2019,0,11
Myers,Michael,10216,0,0,1,5,3,57575,0,19,MA,1550,4/18/1980,M ,Single,7/8/2013,,N/A-StillEmployed,Active,Kissy Sullivan,Fully Meets,4.1,4,1/22/2019,0,13
Navathe,Kurt,10079,0,0,1,3,3,87921,0,22,MA,2056,4/25/1970,M ,Single,2/10/2017,,N/A-StillEmployed,Active,Brian Champaigne,Fully Meets,5,3,2/25/2019,0,17
Ndzi,Colombui,10215,0,0,5,5,3,50470,1,19,MA,2110,5/2/1989,M ,Single,9/26/2011,4/4/2014,return to school,Voluntarily Terminated,Webster Butler,Fully Meets,4.3,3,3/2/2013,0,19
Ndzi,Horia,10185,1,1,5,5,3,46664,1,19,MA,2421,3/28/1983,M ,Married,4/1/2013,5/25/2016,more money,Voluntarily Terminated,Amy Dunn,Fully Meets,3.18,3,3/6/2016,0,10
Newman,Richard,10063,1,1,3,5,3,48495,0,19,MA,2136,4/8/1977,M ,Married,5/12/2014,,N/A-StillEmployed,Active,Ketsia Liebig,Fully Meets,5,5,2/18/2019,0,11
Ngodup,Shari,10037,0,3,1,5,4,52984,0,19,MA,1810,6/3/1967,F,Separated,4/1/2013,,N/A-StillEmployed,Active,Brannon Miller,Exceeds,4,3,2/13/2019,0,12
Nguyen,Dheepa,10042,0,0,1,6,3,63695,0,3,GA,30428,3/31/1989,F,Single,7/8/2013,,N/A-StillEmployed,Active,Lynn Daneault,Fully Meets,5,5,1/25/2019,0,2
Nguyen,Lei-Ming,10206,0,0,1,5,3,62061,0,19,MA,2132,7/7/1984,F,Single,7/8/2013,,N/A-StillEmployed,Active,David Stanley,Fully Meets,3.6,5,1/2/2019,0,4
Nowlan,Kristie,10104,0,0,1,5,3,66738,0,20,MA,1040,11/23/1985,F,Single,11/10/2014,,N/A-StillEmployed,Active,Elijiah Gray,Fully Meets,4.53,5,1/16/2019,0,5
O'hare,Lynn,10303,0,0,4,5,1,52674,1,19,MA,2152,9/30/1980,F,Single,3/31/2014,5/1/2018,performance,Terminated for Cause,Kissy Sullivan,PIP,2.33,2,3/9/2018,6,3
Oliver,Brooke,10078,1,1,5,5,3,71966,1,20,MA,2492,2/11/1952,F,Married,5/14/2012,8/19/2013,unhappy,Voluntarily Terminated,Webster Butler,Fully Meets,5,3,7/2/2013,0,17
Onque,Jasmine,10121,0,0,1,6,3,63051,0,3,FL,33174,5/11/1990,F,Single,9/30/2013,,N/A-StillEmployed,Active,Lynn Daneault,Fully Meets,4.28,3,1/25/2019,0,1
Osturnka,Adeel,10021,1,1,1,5,4,47414,0,19,MA,2478,12/11/1976,M ,Married,9/30/2013,,N/A-StillEmployed,Active,Kelley Spirea,Exceeds,5,3,2/7/2019,0,13
Owad,Clinton,10281,0,0,1,5,2,53060,0,19,MA,1760,11/24/1979,M ,Single,2/17/2014,,N/A-StillEmployed,Active,Michael Albert,Needs Improvement,4.25,3,2/4/2019,4,6
Ozark,Travis,10041,0,0,1,6,3,68829,0,3,NC,27229,5/19/1982,M ,Single,1/5/2015,,N/A-StillEmployed,Active,John Smith,Fully Meets,5,5,1/14/2019,0,18
Panjwani,Nina,10148,1,1,5,5,3,63515,1,19,MA,2351,5/1/1979,F,Married,2/7/2011,1/12/2014,Another position,Voluntarily Terminated,Elijiah Gray,Fully Meets,3.89,4,3/4/2013,0,7
Patronick,Lucas,10005,0,0,5,7,4,108987,1,24,MA,1844,2/20/1979,M ,Single,11/7/2011,9/7/2015,Another position,Voluntarily Terminated,Alex Sweetwater,Exceeds,5,5,8/16/2015,0,13
Pearson,Randall,10259,1,1,5,3,3,93093,1,9,MA,2747,9/5/1984,M ,Married,12/1/2014,5/1/2016,performance,Voluntarily Terminated,Simon Roup,Fully Meets,4.7,4,1/16/2016,0,19
Smith,Martin,10286,0,0,5,5,2,53564,1,19,MA,2458,3/17/1988,M ,Single,1/10/2011,12/28/2017,career change,Voluntarily Terminated,Webster Butler,Needs Improvement,3.54,5,4/6/2017,4,15
Pelletier,Ermine,10297,1,1,5,5,2,60270,1,20,MA,2472,7/18/1989,F,Married,7/5/2011,9/15/2015,unhappy,Voluntarily Terminated,Amy Dunn,Needs Improvement,2.4,5,2/6/2015,5,2
Perry,Shakira,10171,0,0,5,5,3,45998,1,19,MA,2176,7/20/1986,F,Single,5/16/2011,10/25/2015,medical issues,Voluntarily Terminated,Amy Dunn,Fully Meets,3.45,4,5/13/2014,0,5
Peters,Lauren,10032,1,1,5,5,4,57954,1,20,MA,1886,8/17/1986,F,Married,5/16/2011,2/4/2013,more money,Voluntarily Terminated,Ketsia Liebig,Exceeds,4.2,5,1/10/2013,0,12
Peterson,Ebonee,10130,1,1,5,5,3,74669,1,18,MA,2030,5/9/1977,F,Married,10/25/2010,5/18/2016,Another position,Voluntarily Terminated,Janet King,Fully Meets,4.16,5,3/5/2015,0,6
Petingill,Shana,10217,1,1,1,5,3,74226,0,20,MA,2050,3/10/1979,F,Married,4/2/2012,,N/A-StillEmployed,Active,Brannon Miller,Fully Meets,4.3,3,1/14/2019,0,14
Petrowsky,Thelma,10016,1,1,1,3,4,93554,0,9,MA,1886,9/16/1984,F,Married,11/10/2014,,N/A-StillEmployed,Active,Simon Roup,Exceeds,4.6,5,1/4/2019,0,16
Pham,Hong,10050,1,1,5,5,3,64724,1,19,MA,2451,3/6/1988,M ,Married,7/5/2011,11/30/2012,more money,Voluntarily Terminated,Brannon Miller,Fully Meets,5,3,2/20/2012,0,13
Pitt,Brad,10164,0,0,1,5,3,47001,0,19,MA,2451,11/23/1981,M ,Single,11/5/2007,,N/A-StillEmployed,Active,David Stanley,Fully Meets,3.66,3,2/25/2019,0,15
Potts,Xana,10124,1,1,1,6,3,61844,0,3,KY,40220,8/29/1988,F,Married,1/9/2012,,N/A-StillEmployed,Active,Lynn Daneault,Fully Meets,4.2,5,2/1/2019,0,9
Power,Morissa,10187,0,2,5,5,3,46799,1,19,MA,1742,10/15/1984,F,Divorced,5/16/2011,6/4/2018,Another position,Voluntarily Terminated,Kissy Sullivan,Fully Meets,3.17,4,4/2/2018,0,14
Punjabhi,Louis,10225,0,0,1,5,3,59472,0,19,MA,2109,6/19/1961,M ,Single,1/6/2014,,N/A-StillEmployed,Active,Kelley Spirea,Fully Meets,4.8,3,1/7/2019,0,14
Purinton,Janine,10262,0,2,5,5,3,46430,1,19,MA,2474,9/22/1970,F,Divorced,9/24/2012,6/18/2013,unhappy,Voluntarily Terminated,Kissy Sullivan,Fully Meets,4.5,5,4/2/2013,0,16
Quinn,Sean,10131,1,1,5,7,3,83363,1,23,MA,2045,11/6/1984,M ,Married,2/21/2011,8/15/2015,career change,Voluntarily Terminated,Janet King,Fully Meets,4.15,4,4/19/2014,0,4
Rachael,Maggie,10239,1,1,1,3,3,95920,0,4,MA,2110,5/12/1980,F,Married,10/2/2016,,N/A-StillEmployed,Active,Brian Champaigne,Fully Meets,4.4,4,2/6/2019,0,10
Rarrick,Quinn,10152,0,2,5,5,3,61729,1,19,MA,2478,12/31/1984,M ,Divorced,9/26/2011,4/7/2018,more money,Voluntarily Terminated,Michael Albert,Fully Meets,3.8,5,2/4/2018,0,19
Ren,Kylo,10140,1,1,1,6,3,61809,0,3,ID,83706,10/12/1954,M ,Married,5/12/2014,,N/A-StillEmployed,Active,John Smith,Fully Meets,3.98,3,1/28/2019,0,4
Rhoads,Thomas,10058,0,2,5,5,3,45115,1,19,MA,2176,7/22/1982,M ,Divorced,5/16/2011,1/15/2016,retiring,Voluntarily Terminated,Elijiah Gray,Fully Meets,5,4,3/30/2015,0,11
Rivera,Haley,10011,1,1,1,5,4,46738,0,19,MA,2171,1/12/1973,F,Married,11/28/2011,,N/A-StillEmployed,Active,Webster Butler,Exceeds,4.36,5,2/11/2019,0,16
Roberson,May,10230,0,2,5,5,3,64971,1,20,MA,1902,9/5/1981,F,Divorced,9/26/2011,10/22/2011,return to school,Voluntarily Terminated,David Stanley,Fully Meets,4.5,4,10/22/2011,0,10
Robertson,Peter,10224,1,1,5,5,3,55578,1,20,MA,2138,7/3/1972,M ,Married,7/5/2011,2/8/2012,Another position,Voluntarily Terminated,Kissy Sullivan,Fully Meets,4.2,5,1/6/2012,0,13
Robinson,Alain,10047,1,1,5,5,3,50428,1,19,MA,1420,1/7/1974,M ,Married,1/10/2011,1/26/2016,attendance,Voluntarily Terminated,Amy Dunn,Fully Meets,5,3,1/10/2015,0,11
Robinson,Cherly,10285,1,1,4,5,2,61422,1,19,MA,1460,1/7/1985,F,Married,1/10/2011,5/17/2016,attendance,Terminated for Cause,Ketsia Liebig,Needs Improvement,3.6,3,4/5/2016,4,16
Robinson,Elias,10020,0,4,1,5,4,63353,0,19,MA,1730,1/28/1985,M ,Widowed,7/8/2013,,N/A-StillEmployed,Active,Brannon Miller,Exceeds,3.6,5,2/11/2019,0,4
Roby,Lori,10162,1,1,1,3,3,89883,0,9,MA,1886,10/11/1981,F,Married,2/16/2015,,N/A-StillEmployed,Active,Simon Roup,Fully Meets,3.69,5,2/14/2019,0,15
Roehrich,Bianca,10149,0,0,5,3,3,120000,1,29,MA,2703,5/27/1973,F,Single,1/5/2015,11/10/2018,Another position,Voluntarily Terminated,Simon Roup,Fully Meets,3.88,3,2/13/2018,0,12
Roper,Katie,10086,0,0,1,3,3,150290,0,7,MA,2056,11/21/1972,F,Single,1/7/2017,,N/A-StillEmployed,Active,Brian Champaigne,Fully Meets,4.94,3,2/6/2019,0,17
Rose,Ashley,10054,0,3,1,5,3,60627,0,19,MA,1886,12/5/1974,F,Separated,1/6/2014,,N/A-StillEmployed,Active,David Stanley,Fully Meets,5,4,1/31/2019,0,8
Rossetti,Bruno,10065,0,0,5,5,3,53180,1,19,MA,2155,3/18/1987,M ,Single,4/4/2011,8/13/2018,Another position,Voluntarily Terminated,Kissy Sullivan,Fully Meets,5,5,7/2/2018,0,4
Roup,Simon,10198,0,0,1,3,3,140920,0,13,MA,2481,4/5/1973,M ,Single,1/20/2013,,N/A-StillEmployed,Active,Jennifer Zamora,Fully Meets,3.6,5,2/18/2019,0,13
Ruiz,Ricardo,10222,0,2,5,3,3,148999,1,13,MA,1915,1/4/1964,M ,Divorced,1/9/2012,11/4/2015,hours,Voluntarily Terminated,Jennifer Zamora,Fully Meets,4.3,4,1/4/2015,0,8
Saada,Adell,10126,1,1,1,7,3,86214,0,24,MA,2132,7/24/1986,F,Married,11/5/2012,,N/A-StillEmployed,Active,Alex Sweetwater,Fully Meets,4.2,3,2/13/2019,0,2
Saar-Beckles,Melinda,10295,0,0,2,5,2,47750,0,19,MA,1801,6/6/1968,F,Single,7/4/2016,,N/A-StillEmployed,Active,Kelley Spirea,Needs Improvement,2.6,4,2/18/2019,5,4
Sadki,Nore,10260,0,0,5,5,3,46428,1,19,MA,2148,12/21/1974,M ,Single,1/5/2009,7/30/2018,relocation out of area,Voluntarily Terminated,Michael Albert,Fully Meets,4.6,5,2/5/2018,0,7
Sahoo,Adil,10233,1,1,1,5,3,57975,0,20,MA,2062,4/26/1986,M ,Married,8/30/2010,,N/A-StillEmployed,Active,Kelley Spirea,Fully Meets,4.1,3,1/10/2019,0,13
Salter,Jason,10229,0,2,5,3,3,88527,1,9,MA,2452,12/17/1987,M ,Divorced,1/5/2015,10/31/2015,hours,Voluntarily Terminated,Simon Roup,Fully Meets,4.2,3,4/20/2015,0,2
Sander,Kamrin,10169,1,1,1,5,3,56147,0,19,MA,2154,7/10/1988,F,Married,9/29/2014,,N/A-StillEmployed,Active,Elijiah Gray,Fully Meets,3.51,3,2/18/2019,0,2
Sewkumar,Nori,10071,0,0,3,5,3,50923,0,19,MA,2191,3/10/1975,F,Single,9/30/2013,,N/A-StillEmployed,Active,Webster Butler,Fully Meets,5,5,2/6/2019,0,14
Shepard,Anita,10179,1,1,1,3,3,50750,0,15,MA,1773,4/14/1981,F,Married,9/30/2014,,N/A-StillEmployed,Active,Peter Monroe,Fully Meets,3.31,3,1/7/2019,0,7
Shields,Seffi,10091,1,1,1,5,3,52087,0,19,MA,2149,8/24/1985,F,Married,8/19/2013,,N/A-StillEmployed,Active,Amy Dunn,Fully Meets,4.81,4,2/15/2019,0,15
Simard,Kramer,10178,1,1,1,3,3,87826,0,9,MA,2110,2/8/1970,M ,Married,1/5/2015,,N/A-StillEmployed,Active,Simon Roup,Fully Meets,3.32,3,1/14/2019,0,16
Singh,Nan,10039,0,0,1,1,3,51920,0,2,MA,2330,5/19/1988,F,Single,5/1/2015,,N/A-StillEmployed,Active,Brandon R. LeBlanc,Fully Meets,5,3,1/15/2019,0,2
Sloan,Constance,10095,0,0,5,5,3,63878,1,20,MA,1851,11/25/1987,F,Single,10/26/2009,4/8/2015,maternity leave - did not return,Voluntarily Terminated,Michael Albert,Fully Meets,4.68,4,4/2/2015,0,20
Smith,Joe,10027,0,0,1,5,4,60656,0,20,MA,2045,10/30/1963,M ,Single,9/29/2014,,N/A-StillEmployed,Active,Elijiah Gray,Exceeds,4.3,3,1/28/2019,0,4
Smith,John,10291,0,2,1,6,2,72992,0,21,MA,1886,8/16/1984,M ,Divorced,5/18/2014,,N/A-StillEmployed,Active,Debra Houlihan,Needs Improvement,2.4,4,1/16/2019,2,16
Smith,Leigh,10153,1,1,5,1,3,55000,1,2,MA,1844,6/14/1987,F,Married,9/26/2011,9/25/2013,career change,Voluntarily Terminated,Brandon R. LeBlanc,Fully Meets,3.8,4,8/15/2013,0,17
Smith,Sade,10157,0,0,1,5,3,58939,0,19,MA,2130,2/2/1965,F,Single,11/11/2013,,N/A-StillEmployed,Active,Ketsia Liebig,Fully Meets,3.73,3,1/24/2019,0,16
Soto,Julia,10119,1,1,1,3,3,66593,0,14,MA,2360,3/12/1973,F,Married,6/10/2011,,N/A-StillEmployed,Active,Eric Dougall,Fully Meets,4.3,3,2/8/2019,0,19
Soze,Keyser,10180,1,1,2,3,3,87565,0,28,MA,1545,2/9/1983,M ,Married,6/30/2016,,N/A-StillEmployed,Active,Peter Monroe,Fully Meets,3.27,4,1/14/2019,0,13
Sparks,Taylor,10302,1,1,1,5,1,64021,0,19,MA,2093,7/20/1968,F,Married,2/20/2012,,N/A-StillEmployed,Active,Brannon Miller,PIP,2.4,2,2/25/2019,6,20
Spirea,Kelley,10090,1,1,1,5,3,65714,0,18,MA,2451,9/30/1975,F,Married,10/2/2012,,N/A-StillEmployed,Active,Janet King,Fully Meets,4.83,5,2/14/2019,0,15
Squatrito,Kristen,10030,0,2,5,5,4,62425,1,19,MA,2359,3/26/1973,F,Divorced,5/13/2013,6/29/2015,unhappy,Voluntarily Terminated,David Stanley,Exceeds,4.1,4,3/2/2015,0,16
Stanford,Barbara,10278,0,2,1,5,3,47961,0,19,MA,2050,8/25/1982,F,Divorced,1/10/2011,,N/A-StillEmployed,Active,Kissy Sullivan,Fully Meets,4.1,4,2/7/2019,0,9
Stansfield,Norman,10307,1,1,1,6,1,58273,0,3,NV,89139,5/9/1974,M ,Married,5/12/2014,,N/A-StillEmployed,Active,Lynn Daneault,PIP,1.81,2,1/17/2019,3,5
Steans,Tyrone,10147,0,0,1,1,3,63003,0,1,MA,2703,9/1/1986,M ,Single,9/29/2014,,N/A-StillEmployed,Active,Brandon R. LeBlanc,Fully Meets,3.9,5,1/18/2019,0,9
Stoica,Rick,10266,1,1,1,5,3,61355,0,19,MA,2301,3/14/1985,M ,Married,2/17/2014,,N/A-StillEmployed,Active,Kelley Spirea,Fully Meets,4.7,3,1/11/2019,0,4
Strong,Caitrin,10241,1,1,1,6,3,60120,0,3,MT,59102,5/12/1989,F,Married,9/27/2010,,N/A-StillEmployed,Active,John Smith,Fully Meets,4.1,4,1/31/2019,0,18
Sullivan,Kissy,10158,1,1,1,5,3,63682,0,18,MA,1776,3/28/1978,F,Married,1/8/2009,,N/A-StillEmployed,Active,Janet King,Fully Meets,3.73,4,1/24/2019,0,12
Sullivan,Timothy,10117,1,1,1,5,3,63025,0,19,MA,2747,10/7/1982,M ,Married,1/5/2015,,N/A-StillEmployed,Active,Michael Albert,Fully Meets,4.36,5,1/24/2019,0,10
Sutwell,Barbara,10209,0,0,1,5,3,59238,0,19,MA,2718,8/15/1968,F,Single,5/14/2012,,N/A-StillEmployed,Active,Elijiah Gray,Fully Meets,3.4,5,1/31/2019,0,13
Szabo,Andrew,10024,0,0,1,7,4,92989,0,24,MA,2140,5/6/1983,M ,Single,7/7/2014,,N/A-StillEmployed,Active,Alex Sweetwater,Exceeds,4.5,5,2/18/2019,0,1
Tannen,Biff,10173,1,1,1,3,3,90100,0,4,MA,2134,10/24/1987,M ,Married,4/20/2017,,N/A-StillEmployed,Active,Brian Champaigne,Fully Meets,3.4,3,1/2/2019,0,14
Tavares,Desiree,10221,1,1,5,5,3,60754,1,19,MA,1801,4/3/1975,F,Married,4/27/2009,4/1/2013,Another position,Voluntarily Terminated,Webster Butler,Fully Meets,4.5,5,2/15/2012,0,11
Tejeda,Lenora,10146,1,1,5,5,3,72202,1,20,MA,2129,5/24/1953,F,Married,5/16/2011,7/8/2017,Another position,Voluntarily Terminated,Elijiah Gray,Fully Meets,3.93,3,4/18/2017,0,3
Terry,Sharlene,10161,0,0,1,6,3,58370,0,3,OR,97756,5/7/1965,F,Single,9/29/2014,,N/A-StillEmployed,Active,Lynn Daneault,Fully Meets,3.69,3,1/28/2019,0,18
Theamstern,Sophia,10141,0,0,5,5,3,48413,1,19,MA,2066,5/9/1965,F,Single,7/5/2011,9/5/2016,return to school,Voluntarily Terminated,Amy Dunn,Fully Meets,3.98,4,3/2/2016,0,1
Thibaud,Kenneth,10268,0,4,5,5,3,67176,1,20,MA,2472,9/16/1975,M ,Widowed,6/25/2007,8/30/2010,military,Voluntarily Terminated,Webster Butler,Fully Meets,4.1,4,7/14/2010,0,15
Tippett,Jeanette,10123,0,2,1,5,3,56339,0,19,MA,2093,6/5/1967,F,Divorced,2/18/2013,,N/A-StillEmployed,Active,Brannon Miller,Fully Meets,4.21,5,1/14/2019,0,4
Torrence,Jack,10013,0,3,1,6,4,64397,0,3,ND,58782,1/15/1968,M ,Separated,1/9/2006,,N/A-StillEmployed,Active,Lynn Daneault,Exceeds,4.1,3,1/4/2019,0,6
Trang,Mei,10287,0,0,1,5,2,63025,0,19,MA,2021,5/16/1983,F,Single,2/17/2014,,N/A-StillEmployed,Active,David Stanley,Needs Improvement,2.44,5,2/11/2019,4,18
Tredinnick,Neville,10044,1,1,5,3,3,75281,1,15,MA,1420,5/5/1988,M ,Married,1/5/2015,2/12/2016,medical issues,Voluntarily Terminated,Peter Monroe,Fully Meets,5,3,4/15/2015,0,11
TRUE,Edward,10102,0,0,5,7,3,100416,1,24,MA,2451,6/14/1983,M ,Single,2/18/2013,4/15/2018,medical issues,Voluntarily Terminated,Alex Sweetwater,Fully Meets,4.6,3,2/12/2017,0,9
Trzeciak,Cybil,10270,0,0,5,5,3,74813,1,20,MA,1778,3/15/1985,F,Single,1/10/2011,7/2/2014,unhappy,Voluntarily Terminated,Amy Dunn,Fully Meets,4.4,3,1/5/2014,0,5
Turpin,Jumil,10045,1,1,1,3,3,76029,0,15,MA,2343,3/31/1969,M ,Married,3/30/2015,,N/A-StillEmployed,Active,Peter Monroe,Fully Meets,5,4,1/14/2019,0,8
Valentin,Jackie,10205,1,1,1,6,3,57859,0,3,AZ,85006,5/23/1991,F,Married,7/5/2011,,N/A-StillEmployed,Active,John Smith,Fully Meets,2.81,3,1/17/2019,0,16
Veera,Abdellah,10014,0,2,5,5,4,58523,1,19,MA,2171,1/31/1987,M ,Divorced,8/13/2012,2/5/2016,maternity leave - did not return,Voluntarily Terminated,Kissy Sullivan,Exceeds,4.5,5,2/1/2016,0,15
Vega,Vincent,10144,0,2,1,5,3,88976,0,17,MA,2169,10/10/1968,M ,Divorced,8/1/2011,,N/A-StillEmployed,Active,Janet King,Fully Meets,3.93,3,2/27/2019,0,19
Villanueva,Noah,10253,0,0,1,6,3,55875,0,3,ME,4063,7/11/1989,M ,Single,3/5/2012,,N/A-StillEmployed,Active,John Smith,Fully Meets,4.5,4,1/18/2019,0,11
Voldemort,Lord,10118,1,1,4,3,3,113999,1,8,MA,1960,8/7/1986,M ,Married,2/16/2015,2/22/2017,no-call/ no-show,Terminated for Cause,Simon Roup,Fully Meets,4.33,3,2/15/2017,0,9
Volk,Colleen,10022,1,1,4,5,4,49773,1,19,MA,2747,6/3/1986,F,Married,9/26/2011,2/8/2016,gross misconduct,Terminated for Cause,Kelley Spirea,Exceeds,4.3,5,2/1/2015,0,18
Von Massenbach,Anna,10183,0,0,2,5,3,62068,0,19,MA,2124,4/6/1985,F,Single,7/5/2015,,N/A-StillEmployed,Active,Michael Albert,Fully Meets,3.21,3,1/29/2019,0,7
Walker,Roger,10190,0,0,1,5,3,66541,0,20,MA,2459,2/10/1976,M ,Single,8/18/2014,,N/A-StillEmployed,Active,Ketsia Liebig,Fully Meets,3.11,5,2/12/2019,0,4
Wallace,Courtney,10274,1,1,5,5,3,80512,1,18,MA,2478,11/14/1955,F,Married,9/26/2011,1/2/2012,Another position,Voluntarily Terminated,Janet King,Fully Meets,4.5,3,1/2/2012,0,5
Wallace,Theresa,10293,0,0,5,5,2,50274,1,19,MA,1887,8/2/1980,F,Single,8/13/2012,9/1/2015,career change,Voluntarily Terminated,Elijiah Gray,Needs Improvement,2.5,3,9/5/2014,6,13
Wang,Charlie,10172,0,0,1,3,3,84903,0,22,MA,1887,7/8/1981,M ,Single,2/15/2017,,N/A-StillEmployed,Active,Brian Champaigne,Fully Meets,3.42,4,1/4/2019,0,17
Warfield,Sarah,10127,0,4,1,3,3,107226,0,28,MA,2453,5/2/1978,F,Widowed,3/30/2015,,N/A-StillEmployed,Active,Peter Monroe,Fully Meets,4.2,4,2/5/2019,0,7
Whittier,Scott,10072,0,0,5,5,3,58371,1,19,MA,2030,5/24/1987,M ,Single,1/10/2011,5/15/2014,hours,Voluntarily Terminated,Webster Butler,Fully Meets,5,5,5/15/2014,0,11
Wilber,Barry,10048,1,1,5,5,3,55140,1,19,MA,2324,9/9/1965,M ,Married,5/16/2011,9/7/2015,unhappy,Voluntarily Terminated,Amy Dunn,Fully Meets,5,3,2/15/2015,0,7
Wilkes,Annie,10204,0,2,5,5,3,58062,1,19,MA,1876,7/30/1983,F,Divorced,1/10/2011,5/14/2012,Another position,Voluntarily Terminated,Ketsia Liebig,Fully Meets,3.6,5,2/6/2011,0,9
Williams,Jacquelyn,10264,0,0,5,5,3,59728,1,19,MA,2109,10/2/1969,F,Single,1/9/2012,6/27/2015,relocation out of area,Voluntarily Terminated,Ketsia Liebig,Fully Meets,4.3,4,6/2/2014,0,16
Winthrop,Jordan,10033,0,0,5,5,4,70507,1,20,MA,2045,11/7/1958,M ,Single,1/7/2013,2/21/2016,retiring,Voluntarily Terminated,Brannon Miller,Exceeds,5,3,1/19/2016,0,7
Wolk,Hang,10174,0,0,1,5,3,60446,0,20,MA,2302,4/20/1985,F,Single,9/29/2014,,N/A-StillEmployed,Active,David Stanley,Fully Meets,3.4,4,2/21/2019,0,14
Woodson,Jason,10135,0,0,1,5,3,65893,0,20,MA,1810,5/11/1985,M ,Single,7/7/2014,,N/A-StillEmployed,Active,Kissy Sullivan,Fully Meets,4.07,4,2/28/2019,0,13
Ybarra,Catherine,10301,0,0,5,5,1,48513,1,19,MA,2458,5/4/1982,F,Single,9/2/2008,9/29/2015,Another position,Voluntarily Terminated,Brannon Miller,PIP,3.2,2,9/2/2015,5,4
Zamora,Jennifer,10010,0,0,1,3,4,220450,0,6,MA,2067,8/30/1979,F,Single,4/10/2010,,N/A-StillEmployed,Active,Janet King,Exceeds,4.6,5,2/21/2019,0,16
Zhou,Julia,10043,0,0,1,3,3,89292,0,9,MA,2148,2/24/1979,F,Single,3/30/2015,,N/A-StillEmployed,Active,Simon Roup,Fully Meets,5,3,2/1/2019,0,11
Zima,Colleen,10271,0,4,1,5,3,45046,0,19,MA,1730,8/17/1978,F,Widowed,9/29/2014,,N/A-StillEmployed,Active,David Stanley,Fully Meets,4.5,5,1/30/2019,0,2
